<?xml version="1.0" encoding="UTF-8"?>
<project-private xmlns="http://www.netbeans.org/ns/project-private/1">
    <editor-bookmarks xmlns="http://www.netbeans.org/ns/editor-bookmarks/2" lastBookmarkId="0"/>
    <open-files xmlns="http://www.netbeans.org/ns/projectui-open-files/2">
        <group>
            <file>file:/home/alumno/Documentos/2º%20DAM/PMDM/JAVA06/src/Controlador/centroBD.java</file>
            <file>file:/home/alumno/Documentos/2º%20DAM/PMDM/JAVA06/src/Visual/JFrame.java</file>
            <file>file:/home/alumno/Documentos/2º%20DAM/PMDM/JAVA06/src/Modelo/Cliente.java</file>
            <file>file:/home/alumno/Documentos/2º%20DAM/PMDM/JAVA06/src/Controlador/detalleBD.java</file>
            <file>file:/home/alumno/Documentos/2º%20DAM/PMDM/JAVA06/src/Visual/centroPanel.java</file>
            <file>file:/home/alumno/Documentos/2º%20DAM/PMDM/JAVA06/src/Visual/clientePanel.java</file>
            <file>file:/home/alumno/Documentos/2º%20DAM/PMDM/JAVA06/src/Controlador/facturaBD.java</file>
            <file>file:/home/alumno/Documentos/2º%20DAM/PMDM/JAVA06/src/Modelo/Detalles.java</file>
            <file>file:/home/alumno/Documentos/2º%20DAM/PMDM/JAVA06/src/Visual/AcercaDe.java</file>
            <file>file:/home/alumno/Documentos/2º%20DAM/PMDM/JAVA06/src/Modelo/Factura.java</file>
            <file>file:/home/alumno/Documentos/2º%20DAM/PMDM/JAVA06/src/Visual/facturaPanel.java</file>
            <file>file:/home/alumno/Documentos/2º%20DAM/PMDM/JAVA06/src/Controlador/clienteBD.java</file>
            <file>file:/home/alumno/Documentos/2º%20DAM/PMDM/JAVA06/src/Visual/nuevaFactura.java</file>
            <file>file:/home/alumno/Documentos/2º%20DAM/PMDM/JAVA06/src/Modelo/Contrato.java</file>
            <file>file:/home/alumno/Documentos/2º%20DAM/PMDM/JAVA06/src/Visual/contratoPanel.java</file>
            <file>file:/home/alumno/Documentos/2º%20DAM/PMDM/JAVA06/src/Visual/nuevoCliente.java</file>
            <file>file:/home/alumno/Documentos/2º%20DAM/PMDM/JAVA06/src/Modelo/Centro.java</file>
            <file>file:/home/alumno/Documentos/2º%20DAM/PMDM/JAVA06/src/Controlador/contratoBD.java</file>
        </group>
    </open-files>
</project-private>
